姓,名,姓（カタカナ）,名（カタカナ）,メールアドレス,パスワード,パスワード確認,性別,職種,勤務先,所属課,役職,勤務先,郵便番号,住所,市町村区,ビル名,携帯電話,メールマガジン,広告配信
テスト,由奈,テスト,ユナ,yunaozaki@hrigvpwhs.gefn.hjx,7NGaJ32U,7NGaJ32U,女,,愛知県,,役職1,勤務先1,479-0047,愛知県,常滑市,,123-3434-5843,希望する,希望する
テスト,奏音,テスト,カノン,kanon34156@kjqhqxp.wsy,w4Ln6WM4,w4Ln6WM4,女,,茨城県,,役職2,勤務先2,303-0016,茨城県,常総市,,123-3434-5843,希望しない,希望しない
テスト,二三男,テスト,フミオ,Fumio_Ueda@ckyuaevcy.ek,EpRx_t2r,EpRx_t2r,男,,神奈川県,,役職3,勤務先3,236-0057,神奈川県,横浜市金沢区,,123-3434-5843,希望する,希望する
テスト,円香,テスト,マドカ,madoka97675@urnasdaiw.iz,5BOu8PYU,5BOu8PYU,女,,長崎県,,役職4,勤務先4,859-0404,長崎県,諫早市,,123-3434-5843,希望しない,希望しない
テスト,朱音,テスト,アカネ,akane_yuasa@nnojlswxxt.lip,BOVDlHkJ,BOVDlHkJ,女,,沖縄県,,役職5,勤務先5,905-0217,沖縄県,国頭郡本部町,,123-3434-5843,希望する,希望する
テスト,瑞稀,テスト,ミズキ,Mizuki_Kawai@raqohvlk.snd,XwdycbPm,XwdycbPm,女,,神奈川県,,役職6,勤務先6,221-0076,神奈川県,横浜市神奈川区,ロイヤルパレス白幡町303,123-3434-5843,希望しない,希望しない
テスト,竹次郎,テスト,タケジロウ,takejirou6940@jivagdpflb.tdr,_-Lm36pV,_-Lm36pV,男,,神奈川県,,役職7,勤務先7,239-0812,神奈川県,横須賀市,小原台ヒル311,123-3434-5843,希望する,希望する
テスト,兼吉,テスト,カネキチ,kanekichi986@ijapaj.pmw,Pbq1qgwd,Pbq1qgwd,男,,広島県,,役職8,勤務先8,736-0042,広島県,安芸郡海田町,,123-3434-5843,希望しない,希望しない
テスト,芽生,テスト,メイ,mei4927@ijjtzqaiyn.fgq,VVWNYJvZ,VVWNYJvZ,女,,秋田県,,役職9,勤務先9,018-4612,秋田県,北秋田市,リバーサイド阿仁真木沢鉱山313,123-3434-5843,希望する,希望する
テスト,数子,テスト,カズコ,Kazuko_Tsujimoto@tbcpgxzrx.uj,qtySlX7Z,qtySlX7Z,女,,宮城県,,役職10,勤務先10,987-2338,宮城県,栗原市,,123-3434-5843,希望しない,希望しない
テスト,憲司,テスト,ケンジ,kenji519@zknld.ifobg.os,I-4cvYMb,I-4cvYMb,男,,鳥取県,,役職11,勤務先11,680-0035,鳥取県,鳥取市,,123-3434-5843,希望する,希望する
テスト,沙羅,テスト,サラ,g-zuzsqvqs=qwwsara01597@fdpvevg.yt.zmx,82DaPO_G,82DaPO_G,女,,秋田県,,役職12,勤務先12,013-0305,秋田県,横手市,タワー大雄柏木南308,123-3434-5843,希望しない,希望しない
テスト,信也,テスト,シンヤ,shinya_ikuta@gdwfhzgc.rysrq.jhe,1iu_vGdm,1iu_vGdm,男,,富山県,,役職13,勤務先13,931-8376,富山県,富山市,岩瀬池田町フォレスト215,123-3434-5843,希望しない,希望しない
テスト,風香,テスト,フウカ,fuukanakazato@rsumwzlod.get,dA5ym8EQ,dA5ym8EQ,女,,大阪府,,役職14,勤務先14,590-0515,大阪府,泉南市,信達六尾荘401,123-3434-5843,希望する,希望する
テスト,敏昭,テスト,トシアキ,toshiaki634@zszxtmxb.qaq,CMO1TNEY,CMO1TNEY,男,,沖縄県,,役職15,勤務先15,906-0202,沖縄県,宮古島市,,123-3434-5843,希望しない,希望しない
テスト,愛葵,テスト,アイキ,aiki_udagawa@ltcwa.ra,qAEkjl-d,qAEkjl-d,男,,沖縄県,,役職16,勤務先16,905-1311,沖縄県,国頭郡大宜味村,,123-3434-5843,希望する,希望する
テスト,光代,テスト,ミツヨ,Mitsuyo_Nishi@rqvd.dwjod.ays,qDV1eXI0,qDV1eXI0,男,,青森県,,役職17,勤務先17,031-0032,青森県,八戸市,,123-3434-5843,希望しない,希望しない
テスト,綾華,テスト,アヤカ,ayaka14187@envusetmjr.py,parllYnb,parllYnb,女,,香川県,,役職18,勤務先18,761-4154,香川県,小豆郡土庄町,,123-3434-5843,希望する,希望する
テスト,耕平,テスト,コウヘイ,kouhei5253@uwvkkeuad.phh,Rc8NspFe,Rc8NspFe,男,,栃木県,,役職19,勤務先19,329-3222,栃木県,那須郡那須町,ドリーム寺子丙411,123-3434-5843,希望しない,希望しない
テスト,沙菜,テスト,サナ,jpaelbddisana13153@czhezw.lh.nv,MqhOY4ay,MqhOY4ay,女,,奈良県,,役職20,勤務先20,631-0826,奈良県,奈良市,西大寺町庵102,123-3434-5843,希望する,希望する
テスト,史郎,テスト,シロウ,shirou333@vooyljdyy.drc.od,oyBhZqs-,oyBhZqs-,男,,茨城県,,役職21,勤務先21,309-1346,茨城県,桜川市,中里ロイヤルパレス111,123-3434-5843,希望しない,希望しない
テスト,兼吉,テスト,カネキチ,kanekichi347@vckd.jo.nu,0hTcxthb,0hTcxthb,男,,岐阜県,,役職22,勤務先22,509-8232,岐阜県,恵那市,ゴールデン飯地町406,123-3434-5843,希望する,希望する
テスト,文,テスト,アヤ,aya940@xaxqwwluv.nq,EvlQPkSc,EvlQPkSc,女,,岩手県,,役職23,勤務先23,020-0529,岩手県,岩手郡雫石町,,123-3434-5843,希望しない,希望しない
テスト,三男,テスト,ミツオ,mitsuo970@gswndqtg.lpg,"JMjo1ni,","JMjo1ni,",男,,岐阜県,,役職24,勤務先24,503-0007,岐阜県,大垣市,,123-3434-5843,希望しない,希望しない
テスト,久吉,テスト,ヒサキチ,hisakichi992@vkeleo.nvj,XJPWjT0L,XJPWjT0L,男,,秋田県,,役職25,勤務先25,016-0016,秋田県,能代市,グリーン竹生219,123-3434-5843,希望する,希望する
テスト,明宏,テスト,アキヒロ,akihiro483@pkqbtbx.ivj,vSv6KjtC,vSv6KjtC,男,,長崎県,,役職26,勤務先26,859-0153,長崎県,諫早市,,123-3434-5843,希望しない,希望しない
テスト,美香,テスト,ミカ,Mika_Eguchi@gwjm.qp,hNezXSSb,hNezXSSb,女,,宮崎県,,役職27,勤務先27,882-0871,宮崎県,延岡市,テラス愛宕山313,123-3434-5843,希望しない,希望しない
テスト,祐介,テスト,ユウスケ,yuusukesumida@wiul.by.lt,qgS8GC_p,qgS8GC_p,男,,愛媛県,,役職28,勤務先28,796-0077,愛媛県,八幡浜市,,123-3434-5843,希望する,希望する
テスト,巧琉,テスト,タクル,takuru_oyama@sgfid.lcw,jt0ILV7E,jt0ILV7E,男,,福井県,,役職29,勤務先29,912-0431,福井県,大野市,,123-3434-5843,希望しない,希望しない
テスト,寧花,テスト,シズカ,shizuka5072@dwmfxthg.zvf,MaZRpgeA,MaZRpgeA,女,,香川県,,役職30,勤務先30,768-0068,香川県,観音寺市,,123-3434-5843,希望しない,希望しない